{"attr": [[0.0048296477525887, 0.00058134185176140249, -0.022978851719804676, -0.014893847891529522, -0.0017302649378047941], [0.055211823206710656, 0.033410388791529681, 0.0018592835337078774, 0.065330221731232388, 0.075373939226950903], [0.065371074379706295, 0.021289273340638248, -0.00043178434109970279, 0.072998358189675525, 0.056191408806075732], [0.063528300288244965, 0.017191526277354121, -0.012568910019098423, 0.027049651148870885, 0.033082699810453128], [0.042778750096446369, 0.023155236348468226, 0.0011191846019662035, 0.033232840445347835, 0.028336801844410831], [0.14545600906977352, 0.049849306754207498, 0.054086955941434638, 0.0466891625443328, 0.067774541867176991]], "labels": [886, 746, 365, 981, 893]}