{"attr": [[0.016685449660089065, 0.001999515832625664, 0.001356067868466673, 0.021409166892639969], [0.0034542887337589193, -0.0015760816137643453, 0.019109152915209444, -0.0063567184551076746], [-0.011450370680387531, 0.0033987966230825247, 0.007695985289688412, 0.0084635271850202407], [0.0026457527743074783, -0.028414766314842795, 0.040515664151117944, 0.067860073167900464], [-0.014479190791816213, -0.015522242435062497, 0.034861447809241108, 0.0011635332646847088]], "labels": [811, 831, 761, 823]}