{"attr": [[0.014783791377760076, 0.0068935036851633432, 0.00069167287403308305, -0.013345534354500437], [0.0038686028210616454, -0.0022311095981442106, 0.018421158393407928, -0.0066147953211235589], [0.011288817823053798, -8.1665365548477893e-05, 0.0050835176664543458, 0.021186360761061354], [0.002149422090789417, -0.027756385987277064, 0.038290030113995871, 0.065560660141336005], [-0.012257745542596905, 0.00013260172766996718, 0.0087893710236027298, 0.0061622119682544765], [-0.013265711900285639, -0.0076916076604897554, 0.034800674978437696, -0.00217709629206623]], "labels": [811, 831, 761, 823]}