{"attr": [[0.020649786447527425, 0.020568423590052821, 0.0043395288345126366, 0.0073251400003425211, -0.035918872818083071], [0.04284178554048159, 0.032150123169821285, 0.025156355912411322, 0.010770398485534901, 0.0065901370796957737], [0.0081747351385847312, -0.0083207481680678038, 0.053275128040543573, 0.024023171930924916, -0.00056229795827255431], [0.0018373549336833516, 0.010994201421751268, 0.0065605998630831643, 0.01223459570743252, 0.0047291702474056745], [0.038371996904680433, 0.057851824902260957, 0.017108914884019947, -0.014758065282729809, -0.0055382034963289348]], "labels": [386, 388, 827, 562, 584]}