{"attr": [[0.012711574716516273, 0.014383983903123072, 0.0011649031865233782, 0.0014167977165925141, -0.033604569836077756], [0.037398032751314786, 0.0279351285961318, 0.022385128486593679, 0.0093383456845514481, 0.0058774282437692449], [0.0074428960452106755, -0.0077407030997877491, 0.048271898014910372, 0.021795818757850374, -0.00061752630244563535], [0.0023073382121049147, 0.010125191294854495, 0.0057696303284878814, 0.01069344988491993, 0.0045192318964167788], [0.049389878016340157, 0.038996783465957703, 0.011196413564535244, -0.00063202908313381048, -0.00099104323659119438], [-0.0074928878893272335, 0.016854099394503975, 0.0094811071995814355, -0.0070709354722418615, -0.0039920425577673439]], "labels": [386, 388, 827, 562, 584]}