{"labels": [811, 831, 761, 823], "attr": [[-0.071737036010341426, 0.046566793267613218, -0.047820955461217396, 0.018029014125604644], [0.073781972333294532, 0.10163486759964545, 0.062982862527041994, 0.045746578760040284], [0.068610238701525425, 0.19956604228037342, 0.015579570718190777, 0.027442884213900596], [-0.015986937279957106, -0.058297852290007071, 0.059397816819493868, -0.013482958472898481], [0.31099506310451941, -0.030412951200740859, 0.17400679505514297, 0.35008137250789589], [0.013151583105321909, -0.014223634168382147, 0.042196689441436314, -0.0618376768961173]]}