{"attr": [[0.011660614051590499, -0.014744211627737589, -0.0011604107067559317, 0.032320011311868672], [0.037312617055396763, 0.024788698051560542, 0.012337765874932436, 0.040819902510229628], [0.030831574258488644, 0.029089628507318211, -0.0048323930678803393, -0.021322377557341347], [0.028462381779476891, 0.027247898377364469, 0.012785900556851661, 0.0059683765866573261], [0.0091756069971003461, -7.1502235153363017e-05, 0.0066706977695655091, 0.030028927241878625], [0.020277983405241555, 0.0098005532909062627, -0.00028587494167883596, -0.0079840265723834843]], "labels": [147, 78, 41, 82]}