{"attr": [[0.038768730592942696, 0.0098610022936769567, 0.0038084167791646692, 0.033409711435627307], [0.037258982349002795, 0.024736647170292912, 0.011960592570866806, 0.042464981688377451], [0.032385243291526075, 0.030190646986905462, -0.0044260805293080156, -0.01881011540597622], [0.0093315146596715821, -0.00011982393814240753, 0.0063662530967660228, 0.030081804165729815], [0.020015257193103764, 0.010397032639260721, 0.00064932156058966411, -0.0083766627365606493]], "labels": [147, 78, 41, 82]}