{"attr": [[0.06088666351227999, 0.017603250068301816, 0.059980312418753491, 0.013353202717470826], [0.025450178274824875, -0.0092657325877148096, 0.0094366697027368131, 0.0059805765891595298], [0.00082617711240738818, -0.010696708237518887, 0.013508634546507305, 0.0068019054355283578], [0.0031070869243838986, -0.0041914587248212988, -0.014910187255527721, -0.013298962886008901], [0.03055439671940292, 0.016211459858218084, 0.026647928563201372, 0.0082216371321942906], [-0.0029653545681106604, 0.018010960721523587, 0.0009185278550251409, -2.0904469718641527e-05]], "labels": [744, 322, 327, 632]}