{"labels": [176, 132, 55, 201, 970], "attr": [[0.12077082746745782, 0.16211416864355474, -0.021929315408226371, 0.011107124557649959, 0.046667524684918603], [0.16386598725755128, 0.024551431922962164, -0.037685220849389217, -0.017995700429664505, 0.025454659811581369], [-0.064565863441702648, -0.0083624708019731549, -0.11102345948651809, -0.034001627459904218, -0.029897464161887977], [-0.038069253808283479, -0.012081123438076944, -0.0021504150346590206, 0.02292557554347012, 0.001978863621626603], [0.040741724494350234, -0.015967402071508475, -0.0077511261978888491, 0.022549482127589657, 0.080676388755980433], [-0.11838066883118444, -0.1295284109862847, 0.029430065142550036, 0.039146780294357225, -0.074058795245191766]]}