{
    "colors": [
        [
            197,
            161,
            0
        ],
        [
            54,
            249,
            0
        ],
        [
            0,
            228,
            113
        ],
        [
            0,
            109,
            230
        ],
        [
            57,
            0,
            248
        ],
        [
            199,
            0,
            159
        ]
    ],
    "attr": [
        [
            0.13938012741728475,
            0.14063786607577208,
            -0.018809492298786177,
            0.013657778133926471
        ],
        [
            0.1397692452990919,
            0.03258686666111292,
            -0.011629272610260658,
            0.0024434887809794618
        ],
        [
            -0.044547619643758633,
            -0.013235362016802938,
            -0.073626306367934741,
            -0.0033931657660952537
        ],
        [
            -0.019757428917631954,
            -0.01910283730356133,
            0.043873723106649533,
            0.03675098922852274
        ],
        [
            0.026579335772820636,
            -0.0050605825170554021,
            0.025254507921466787,
            0.010332176073855812
        ],
        [
            -0.078880182714840083,
            -0.081885986005443084,
            0.028610693781645467,
            0.028804389832948925
        ]
    ],
    "labels": [
        176,
        132,
        55,
        201
    ]
}