{"colors":[[197,161,0],[54,249,0],[0,228,113],[0,109,230],[57,0,248],[199,0,159]],"attr":[[0.9910568795450357,1,-0.13374417220259946,0.0971130888491271],[0.9938236961888086,0.2317076281707451,-0.08268948051906463,0.017374345974527656],[-0.31675410907937557,-0.09410959486851368,-0.5235169630931943,-0.024126918261738385],[-0.14048441038396198,-0.13582997487373805,0.31196240682316306,0.2613164332563165],[0.18899132647219624,-0.03598306956291695,0.1795711950991642,0.07346653354854468],[-0.5608744367836328,-0.5822471324484731,0.203435184677065,0.20481246837497497]],"labels":[176,132,55,201]}