{"attr": [[0.046183464998326047, 0.049536960039410112, -0.0040335378475968055, -0.00070084465719472968, 0.0078197976555446167], [0.056039946726510984, 0.040723482674460444, 0.0018827135320785384, 0.018681397954222901, 0.028138668972666085], [0.023839236415778217, 0.011827482665429417, -0.0076180927519904516, 0.017517869873606255, 0.013954011318728221], [0.0090431534370339003, 0.035816978531102342, 0.019370138141761979, -0.0019815146838010932, 0.0099519684334080198], [0.034817921251057246, 0.021663311303146894, -0.0040859556570281598, 0.0080063803701158672, 0.0048704810135825902], [0.021302103403197992, 0.0072071953630576044, -0.010095280528473262, -1.9648816782619627e-05, 0.015978356423983472]], "labels": [242, 22, 429, 995, 237]}