{"attr": [[0.013820312010188225, 0.0098675186133202961, 0.029238457768170384, 0.00090553312984125367, 0.025619460655179511, 0.031863184339213674], [0.0020685547975537628, -0.026361250892233939, -0.019824310494046034, 0.0052642224153794086, -0.0072169807121927332, 0.0061054449413209732], [-0.0012904603233383834, -0.0069773173731674902, 0.012016607663305328, 0.020615954596906242, 0.011310455598657228, 0.024478934373815563], [0.0052678246236369658, 0.023518662331033491, 0.0061427654708226653, 0.00092181619381605695, 0.0066162548182873912, 0.02831228577224237], [0.0023736847686198627, 0.013593885811329543, 0.030550906436247478, 0.020013036995988595, 0.01254809635139088, 0.034574973930172455], [0.023816848308596743, 0.014467984728159381, 0.069956051804993744, 0.028614981524666055, 0.01199503134101805, 0.038386991552206241]], "labels": [273, 374, 261, 554, 282, 275]}