{"attr": [[0.0013432573017493426, 0.029680796078575999, 0.0043255292552357889, -0.012503431407598504, -0.017980155161024559], [-0.0049607125740374434, 0.0072471252003281162, 0.011568132792265724, 0.011075192614187756, -0.010365519816542733], [0.005037183438166672, 0.015742495160328517, 0.0037550536843899297, -0.012377117308611784, -0.026425175342382617], [0.0040913536191670274, -0.0071970618117289586, 0.010855273210190435, 0.0052425058012185019, -0.0073840185937015307], [-0.0086236220863139309, 0.011234243862408125, 0.010500305980210376, -0.0017018374943407247, -0.023286560270279033], [-0.0085610808371016436, -0.0064663433567747975, 0.035357044033711697, -0.0007891154074370283, 0.01094194994095722]], "labels": [333, 721, 344, 308, 335]}