{"attr": [[0.014178867281687513, -0.0083767058335276721, 0.0038934919174044829, -0.0084686283329063281, -0.0076638686518017453, -0.0080381409636855923], [0.018590784552669753, 0.01362965268565945, 0.0246354965598405, 0.019823843970693804, 0.0044140327849216164, -0.007070424234531858], [0.020533268029160306, 0.0087008450742520841, -0.002059865447367683, 0.0014634835327150858, 0.026369040814995557, -0.020027407937022682], [0.007806319149489668, 0.010534981998278138, -0.0024134659379380428, -0.0010922592891133022, 0.003043616968139165, 0.0041273617345830085], [0.029001194610972943, 0.017260264730814982, 0.010945881291004189, 0.0099660998400382204, 0.041090186537804142, -0.0076478221194648888], [0.010632302477023702, 0.0075512242435625578, 0.018416033078935672, -0.0031300777822401821, -0.016851984545106474, 0.0011561454068399178]], "labels": [768, 885, 229, 793, 362, 974]}