{"attr": [[0.022295735940097244, 0.005060465621799932, 0.032580117550241795, 0.03849138845293671, -0.0057430418279128814], [-0.00032069103457481812, 0.0014348935222864179, 0.019951036890047309, 0.015316569930801566, 0.020988222565081014], [0.014277652787350331, 0.013668152974457988, 0.016826924437163944, 0.024541343602657473, 0.0074862147133529788], [-0.022512848791797102, 0.024051172942679496, -0.013265897952156469, 0.025432564296004059, 0.0077893731782359612], [0.058538616980039405, 0.019712482005336551, 0.013313882340679258, 0.047346624855223805, 0.0050671111028968742], [-0.0020812319921486981, 0.0059070825214661976, 0.00049448673705438371, 0.010480883756422168, 0.0016233400481816223]], "labels": [677, 897, 308, 712, 522]}