{
  "attr": [
    [
      0.2913960545089485, 
      0.17031528631999948, 
      0.22205979771782833, 
      0.028104083246032748
    ], 
    [
      0.07523126308413293, 
      0.15771698464006956, 
      0.14531460850840425, 
      0.38529200587444307
    ], 
    [
      0.42990497202855826, 
      0.48017539705237056, 
      0.5124459920485347, 
      0.6419753950045504
    ], 
    [
      1.0, 
      0.686802621818875, 
      0.3095490737447092, 
      -0.2946110839729616
    ], 
    [
      0.15628698159672044, 
      0.1562232664286194, 
      0.08253918946779565, 
      0.06841642546344259
    ], 
    [
      0.11169055368437701, 
      0.3062507968530519, 
      0.533161110626768, 
      0.07072212784698681
    ]
  ], 
  "labels": [
    817, 
    935, 
    794, 
    535
  ], 
  "colors": [
    [
      197, 
      161, 
      0
    ], 
    [
      54, 
      249, 
      0
    ], 
    [
      0, 
      228, 
      113
    ], 
    [
      0, 
      109, 
      230
    ], 
    [
      57, 
      0, 
      248
    ], 
    [
      199, 
      0, 
      159
    ]
  ]
}