{"colors": [[197,161,0],[54,249,0],[0,228,113],[0,109,230],[57,0,248],[199,0,159]], "attr": [[0.079203690484728501, 0.046293006915973212, 0.06035755928275733, 0.007638903557434012], [0.020448440883265383, 0.042868686558574308, 0.039497622167395767, 0.1047253332491605], [0.11685147307958876, 0.13051536424221319, 0.13928676253340005, 0.17449384497280304], [0.27180767104785591, 0.18667822892033387, 0.084137818058264369, -0.080077562423658155], [0.042479998408981978, 0.042462688397366152, 0.022434784706918495, 0.018596106066750211], [0.030358350990176669, 0.08324132287118631, 0.14491729117458621, 0.019222818077768176]], "labels": [817, 935, 794, 535]}