{
  "attr": [
    [
      0.17937319889532555, 
      0.163435958526704, 
      0.1903165040679109, 
      0.03797161072381704
    ], 
    [
      0.3224892977219619, 
      0.19299285504758854, 
      0.06616702989922775, 
      -0.19070632620974134
    ], 
    [
      -0.16042624271652028, 
      -0.28475938074453666, 
      -0.19897479910096202, 
      0.32853696572181895
    ], 
    [
      0.45735800608472693, 
      0.32869306523407066, 
      0.27526569599333134, 
      0.06787246993917226
    ], 
    [
      -0.0030541556038553397, 
      0.2735402867386655, 
      1.0, 
      0.4670513466330002
    ]
  ], 
  "labels": [
    874, 
    983, 
    320, 
    740
  ], 
  "colors": [
    [
      180, 
      180, 
      0
    ], 
    [
      0, 
      255, 
      0
    ], 
    [
      0, 
      180, 
      180
    ], 
    [
      0, 
      0, 
      255
    ], 
    [
      180, 
      0, 
      180
    ]
  ]
}