{"labels": [874, 983, 320, 740, 319], "attr": [[0.054340879607899142, 0.019315939710995402, 0.052624402033046927, 0.054788775781260179, 0.028826998782768825], [0.014468493882255856, 0.015662655528919801, 0.01277385060000049, -0.013391908372781472, -0.01270013786890827], [0.032112705458338865, 0.025861932175184409, 0.0049893481636273376, 0.023183852860437056, -0.010368373758667495], [-0.0043520109575704014, -0.011385990119120084, 0.016563748206900476, 0.017482471822662517, 0.024288638913735713], [0.018134357074498966, 0.019291144913873084, 0.037021063315365095, 0.058530146540622559, 0.038043624837090666]]}