{"colors": [[180,180,0],[0,255,0],[0,180,180],[0,0,255],[180,0,180]], "attr": [[0.048168139403002457, 0.04388842748978955, 0.051106814008569777, 0.01019673938333269], [0.086599960392063233, 0.051825517685598163, 0.017768224724079369, -0.051211503766808684], [-0.043080202467353716, -0.076468116464885216, -0.053431889790934252, 0.088223981645293173], [0.12281705947172289, 0.088265891791557957, 0.07391873039744129, 0.018226197600463331], [-0.00082014651612991041, 0.073455391570473649, 0.26853592896201961, 0.12542007171625541]], "labels": [874, 983, 320, 740]}