{"labels": [147, 78, 41, 82], "attr": [[0.14698194716579374, 0.057629361073473905, 0.089130190627132844, 0.17923163095036337], [0.25935635140663782, 0.30652406857303588, -0.073690704521333375, -0.1688829131083211], [0.090711329048351622, 0.10287418302462366, 0.044600965677567113, 0.030138772600823656], [0.087402672830304048, 0.072328549635111428, 0.0093810969883245561, 0.017288491430371811], [-0.039001292574586281, -0.099861038454836071, 0.12104373467187282, 0.13901161088155933]]}